-- phpMyAdmin SQL Dump
-- version 4.7.7
-- https://www.phpmyadmin.net/
--
-- Host: 127.0.0.1
-- Generation Time: Jul 20, 2018 at 09:03 PM
-- Server version: 10.1.30-MariaDB
-- PHP Version: 7.2.2

SET SQL_MODE = "NO_AUTO_VALUE_ON_ZERO";
SET AUTOCOMMIT = 0;
START TRANSACTION;
SET time_zone = "+00:00";


/*!40101 SET @OLD_CHARACTER_SET_CLIENT=@@CHARACTER_SET_CLIENT */;
/*!40101 SET @OLD_CHARACTER_SET_RESULTS=@@CHARACTER_SET_RESULTS */;
/*!40101 SET @OLD_COLLATION_CONNECTION=@@COLLATION_CONNECTION */;
/*!40101 SET NAMES utf8mb4 */;

--
-- Database: `ci-login`
--

-- --------------------------------------------------------

--
-- Table structure for table `tbl_category`
--

CREATE TABLE `tbl_category` (
  `category_id` int(11) NOT NULL,
  `name_category` varchar(20) NOT NULL,
  `add_byuser` varchar(20) NOT NULL,
  `date_entered` datetime NOT NULL DEFAULT CURRENT_TIMESTAMP
) ENGINE=InnoDB DEFAULT CHARSET=latin1;

--
-- Dumping data for table `tbl_category`
--

INSERT INTO `tbl_category` (`category_id`, `name_category`, `add_byuser`, `date_entered`) VALUES
(54, 'Furniture', '', '2018-07-02 14:04:35'),
(55, 'Electronics', '', '2018-07-02 14:16:15'),
(56, 'Car', '', '2018-07-16 13:59:46'),
(63, 'Fashion Man', '', '2018-07-20 22:19:43'),
(64, 'Fashion Woman', '', '2018-07-20 22:19:48');

-- --------------------------------------------------------

--
-- Table structure for table `tbl_product`
--

CREATE TABLE `tbl_product` (
  `product_id` int(11) NOT NULL,
  `user_id` int(11) NOT NULL,
  `product_name` varchar(100) NOT NULL,
  `product_price` varchar(100) NOT NULL,
  `category_id` int(11) NOT NULL,
  `subcategory_id` int(11) NOT NULL,
  `product_condition` varchar(50) NOT NULL,
  `product_date` timestamp NOT NULL DEFAULT CURRENT_TIMESTAMP ON UPDATE CURRENT_TIMESTAMP,
  `img_thumbnail` varchar(100) NOT NULL,
  `product_desc` varchar(100) NOT NULL
) ENGINE=InnoDB DEFAULT CHARSET=latin1;

--
-- Dumping data for table `tbl_product`
--

INSERT INTO `tbl_product` (`product_id`, `user_id`, `product_name`, `product_price`, `category_id`, `subcategory_id`, `product_condition`, `product_date`, `img_thumbnail`, `product_desc`) VALUES
(27, 2, 'Test Hardisk', '123', 0, 32, 'New', '2018-07-19 13:54:13', 'WD_Passport_Ultra11.jpg', 'Test Hardisk 123		  '),
(28, 2, 'Test1', '123', 0, 32, 'New', '2018-07-19 13:54:41', 'WD_Passport_Ultra12.jpg', '123	  '),
(29, 2, 'Test3', '123', 0, 32, 'New', '2018-07-19 13:54:54', 'WD_Passport_Ultra13.jpg', '		123	  '),
(30, 2, 'Test4', '123', 0, 32, 'New', '2018-07-19 13:55:10', 'WD_Passport_Ultra14.jpg', '		123	  '),
(31, 2, 'Test', '123', 0, 32, 'New', '2018-07-19 13:55:19', 'WD_Passport_Ultra15.jpg', '		123	  '),
(32, 2, 'Test 5', '123', 0, 32, 'New', '2018-07-19 13:56:13', 'WD_Passport_Ultra16.jpg', 'Test 5	  '),
(33, 1, 'Tester', '999', 0, 32, 'New', '2018-07-20 09:53:45', 'download14.jpg', '999 '),
(34, 1, 'asdasd', '2131', 0, 32, 'New', '2018-07-20 10:53:00', 'PC_SPECIALIST_Vortex_Fusion_IV_Gaming2.jpg', '			131231  '),
(35, 1, 'ASUS', '999999999', 0, 34, 'Second', '2018-07-20 17:29:38', 'seller1.png', '999999999			  '),
(36, 1, 'Mobil', '800000000000000', 0, 40, 'New', '2018-07-20 17:39:25', 'hqdefault.jpg', '80000000000000		  '),
(37, 1, 'Mobil Legend', '382748', 0, 41, 'New', '2018-07-20 17:41:30', 'maxresdefault.jpg', '238492		  '),
(38, 1, 'Momobilan', '999999999', 56, 40, 'New', '2018-07-20 18:03:17', 'hqdefault1.jpg', '999999999	  ');

-- --------------------------------------------------------

--
-- Table structure for table `tbl_session`
--

CREATE TABLE `tbl_session` (
  `id` varchar(40) NOT NULL,
  `ip_address` varchar(45) NOT NULL,
  `timestamp` int(10) NOT NULL,
  `data` blob NOT NULL
) ENGINE=InnoDB DEFAULT CHARSET=latin1;

--
-- Dumping data for table `tbl_session`
--

INSERT INTO `tbl_session` (`id`, `ip_address`, `timestamp`, `data`) VALUES
('05g362hu0h8i9grca05jgb4oop1co2h8', '::1', 1531870860, 0x5f5f63695f6c6173745f726567656e65726174657c693a313533313837303836303b),
('d6gg5abi75ibsu2uakritomkopar4bdg', '::1', 1531871176, 0x5f5f63695f6c6173745f726567656e65726174657c693a313533313837313137363b),
('hvag09acj4rgo7lhml6rr4bjo940obka', '::1', 1531870860, 0x5f5f63695f6c6173745f726567656e65726174657c693a313533313837303836303b),
('mmmumvsqjmij9m4kmrld2su3dfqpu99a', '::1', 1531871477, 0x5f5f63695f6c6173745f726567656e65726174657c693a313533313837313437373b),
('iognk5vj7vlodqqf7kk0j0lpq8ktrq07', '::1', 1531872390, 0x5f5f63695f6c6173745f726567656e65726174657c693a313533313837323339303b),
('ch5i3eacmp9i3ag4mfho27a7bclst0ru', '::1', 1531872883, 0x5f5f63695f6c6173745f726567656e65726174657c693a313533313837323838333b),
('9993b091ev8e2nicb7ksslms3om8oohv', '::1', 1531873370, 0x5f5f63695f6c6173745f726567656e65726174657c693a313533313837333337303b),
('qdppsrt81gqeq8tgukibscf7q561je8p', '::1', 1531873672, 0x5f5f63695f6c6173745f726567656e65726174657c693a313533313837333637323b),
('v3o4qojqbg2hlcov9idljd4o02rna50n', '::1', 1531873923, 0x5f5f63695f6c6173745f726567656e65726174657c693a313533313837333838303b73656c6c65725f69647c733a313a2234223b73656c6c65725f757365726e616d657c733a353a226564776172223b6c6f676765647c623a313b),
('6ce902oe03t03ae91c17c9kgb40a1rde', '::1', 1531901643, 0x5f5f63695f6c6173745f726567656e65726174657c693a313533313930313634333b),
('034bujoh3h0c3gjp7gbptdv9sgkn6sse', '::1', 1531901304, 0x5f5f63695f6c6173745f726567656e65726174657c693a313533313930313330333b),
('uq162ku1b4p78399du9tc5br7ngt589v', '::1', 1531902095, 0x5f5f63695f6c6173745f726567656e65726174657c693a313533313930323039353b),
('6st970iojte2895i547ka4og73dk63do', '::1', 1531902494, 0x5f5f63695f6c6173745f726567656e65726174657c693a313533313930323439343b),
('mv84pcifu0gf0f5f4s9492p18jdbdee9', '::1', 1531903944, 0x5f5f63695f6c6173745f726567656e65726174657c693a313533313930333934343b),
('fr3h19ir9b1aqknm8ehld3uiuh9gsqpj', '::1', 1531904023, 0x5f5f63695f6c6173745f726567656e65726174657c693a313533313930333934343b73656c6c65725f69647c733a313a2234223b73656c6c65725f757365726e616d657c733a353a226564776172223b6c6f676765647c623a313b),
('qo73r14e9hj1isnukjrc5c4bsv4gbv6i', '::1', 1531925133, 0x5f5f63695f6c6173745f726567656e65726174657c693a313533313932353133333b),
('5mv9223nomace8dr0k49jgckdvgrus8s', '::1', 1531925454, 0x5f5f63695f6c6173745f726567656e65726174657c693a313533313932353435343b),
('havmk4q2jed98pgnre0g6u9qlk430bh0', '::1', 1531925756, 0x5f5f63695f6c6173745f726567656e65726174657c693a313533313932353735363b73656c6c65725f69647c733a313a2234223b73656c6c65725f757365726e616d657c733a353a226564776172223b6c6f676765647c623a313b),
('crt8sq4ti51771a9do2e18mi7r886u16', '::1', 1531927125, 0x5f5f63695f6c6173745f726567656e65726174657c693a313533313932373132353b73656c6c65725f69647c733a313a2234223b73656c6c65725f757365726e616d657c733a353a226564776172223b6c6f676765647c623a313b),
('3fp46s75tg3jpbg5cvaoclpsc0e7rqgb', '::1', 1531927537, 0x5f5f63695f6c6173745f726567656e65726174657c693a313533313932373533373b73656c6c65725f69647c733a313a2234223b73656c6c65725f757365726e616d657c733a353a226564776172223b6c6f676765647c623a313b),
('i3g56c7vqqjai0i4u6m00hjg88o4pv52', '::1', 1531927867, 0x5f5f63695f6c6173745f726567656e65726174657c693a313533313932373836373b73656c6c65725f69647c733a313a2234223b73656c6c65725f757365726e616d657c733a353a226564776172223b6c6f676765647c623a313b757365725f69647c733a313a2231223b757365725f6e616d657c733a353a2261646d696e223b757365725f706173737c733a33323a223231323332663239376135376135613734333839346130653461383031666333223b757365725f6e616d617c733a31333a2241646d696e6973747261746f72223b),
('8jqvf7f66smah8pg8ia2vibt3aa8n5pt', '::1', 1531927873, 0x5f5f63695f6c6173745f726567656e65726174657c693a313533313932373836373b73656c6c65725f69647c733a313a2234223b73656c6c65725f757365726e616d657c733a353a226564776172223b6c6f676765647c623a313b757365725f69647c733a313a2231223b757365725f6e616d657c733a353a2261646d696e223b757365725f706173737c733a33323a223231323332663239376135376135613734333839346130653461383031666333223b757365725f6e616d617c733a31333a2241646d696e6973747261746f72223b),
('7jcgph5ck31hb3ptp5tjd6sgtv3ntitm', '::1', 1531994915, 0x5f5f63695f6c6173745f726567656e65726174657c693a313533313939343931353b757365725f69647c733a313a2231223b757365725f757365726e616d657c733a363a226e75726d616e223b6c6f676765647c623a313b),
('u2lr78k0b0diqh3e8re08kb2e1rlnmfa', '::1', 1531995474, 0x5f5f63695f6c6173745f726567656e65726174657c693a313533313939353437343b757365725f69647c733a313a2231223b757365725f757365726e616d657c733a363a226e75726d616e223b6c6f676765647c623a313b),
('r09ck8114l484nau5kct33ka8ahvv309', '::1', 1531995943, 0x5f5f63695f6c6173745f726567656e65726174657c693a313533313939353934333b757365725f69647c733a313a2231223b757365725f757365726e616d657c733a363a226e75726d616e223b6c6f676765647c623a313b),
('4t7t27vf9b35cf8tla1mmceo1j6q4inq', '::1', 1531996257, 0x5f5f63695f6c6173745f726567656e65726174657c693a313533313939363235373b757365725f69647c733a313a2231223b757365725f757365726e616d657c733a363a226e75726d616e223b6c6f676765647c623a313b),
('1c7phjs002alf4evd4k1gld2ejpupko1', '::1', 1531996808, 0x5f5f63695f6c6173745f726567656e65726174657c693a313533313939363830383b757365725f69647c733a313a2231223b757365725f757365726e616d657c733a363a226e75726d616e223b6c6f676765647c623a313b),
('ofs5eghnv5dm8q6cchk4gjq2vn1ur90b', '::1', 1531996808, 0x5f5f63695f6c6173745f726567656e65726174657c693a313533313939363830383b757365725f69647c733a313a2231223b757365725f757365726e616d657c733a363a226e75726d616e223b6c6f676765647c623a313b),
('m3bfnlgefm34qa91h60ogv0ih60s30ie', '::1', 1532008330, 0x5f5f63695f6c6173745f726567656e65726174657c693a313533323030383333303b),
('s0fbe455ij303a4a93v91umu869ke349', '::1', 1532008908, 0x5f5f63695f6c6173745f726567656e65726174657c693a313533323030383930383b757365725f69647c733a313a2232223b757365725f757365726e616d657c733a353a226564776172223b6c6f676765647c623a313b),
('r8hov0hmmeca9e96gdup400a52mr7h7s', '::1', 1532009788, 0x5f5f63695f6c6173745f726567656e65726174657c693a313533323030393738383b757365725f69647c733a313a2232223b757365725f757365726e616d657c733a353a226564776172223b6c6f676765647c623a313b),
('ngb09j0qqnjq2rcre23dvp7vur0m1a7m', '::1', 1532010426, 0x5f5f63695f6c6173745f726567656e65726174657c693a313533323031303432363b757365725f69647c733a313a2232223b757365725f757365726e616d657c733a353a226564776172223b6c6f676765647c623a313b),
('4a1bpcaajlqeearddtf43kkn91k8fe4t', '::1', 1532011174, 0x5f5f63695f6c6173745f726567656e65726174657c693a313533323031313137343b757365725f69647c733a313a2232223b757365725f757365726e616d657c733a353a226564776172223b6c6f676765647c623a313b),
('4notpnied43rjfu0il39g0oqtcf0ah9r', '::1', 1532011525, 0x5f5f63695f6c6173745f726567656e65726174657c693a313533323031313532353b757365725f69647c733a313a2232223b757365725f757365726e616d657c733a353a226564776172223b6c6f676765647c623a313b),
('0hqe2ednk5j655q1d56f19rsjdnhhs9k', '::1', 1532011972, 0x5f5f63695f6c6173745f726567656e65726174657c693a313533323031313937323b757365725f69647c733a313a2232223b757365725f757365726e616d657c733a353a226564776172223b6c6f676765647c623a313b),
('rim2rk7bm2cc3bjdjavlo0or5e4eed7f', '::1', 1532012290, 0x5f5f63695f6c6173745f726567656e65726174657c693a313533323031323239303b757365725f69647c733a313a2232223b757365725f757365726e616d657c733a353a226564776172223b6c6f676765647c623a313b),
('ep09nuim8m1ml2e7v1fbfltusntiatn3', '::1', 1532012849, 0x5f5f63695f6c6173745f726567656e65726174657c693a313533323031323834393b),
('p2c75onq00rl1io0a11l60md15gojvdc', '::1', 1532013158, 0x5f5f63695f6c6173745f726567656e65726174657c693a313533323031333135383b757365725f69647c733a313a2231223b757365725f6e616d657c733a353a2261646d696e223b757365725f706173737c733a33323a223231323332663239376135376135613734333839346130653461383031666333223b757365725f6e616d617c733a31333a2241646d696e6973747261746f72223b),
('8tem7d4il1el6pno7as9jk6c2k3o23jd', '::1', 1532013460, 0x5f5f63695f6c6173745f726567656e65726174657c693a313533323031333436303b757365725f69647c733a313a2231223b757365725f6e616d657c733a353a2261646d696e223b757365725f706173737c733a33323a223231323332663239376135376135613734333839346130653461383031666333223b757365725f6e616d617c733a31333a2241646d696e6973747261746f72223b),
('7tcucdflpehh4amk458nqg9vqcagp4ck', '::1', 1532013515, 0x5f5f63695f6c6173745f726567656e65726174657c693a313533323031333436303b757365725f69647c733a313a2231223b757365725f6e616d657c733a353a2261646d696e223b757365725f706173737c733a33323a223231323332663239376135376135613734333839346130653461383031666333223b757365725f6e616d617c733a31333a2241646d696e6973747261746f72223b),
('gb11lsl96kefu1o8qpnraur0lmbffrl3', '::1', 1532081558, 0x5f5f63695f6c6173745f726567656e65726174657c693a313533323038313535383b757365725f69647c733a313a2231223b757365725f6e616d657c733a353a2261646d696e223b757365725f706173737c733a33323a223231323332663239376135376135613734333839346130653461383031666333223b757365725f6e616d617c733a31333a2241646d696e6973747261746f72223b757365725f757365726e616d657c733a363a226e75726d616e223b6c6f676765647c623a313b),
('ancbienp4gbq6b4knedf3ghp0lcnsqm3', '::1', 1532082165, 0x5f5f63695f6c6173745f726567656e65726174657c693a313533323038323136353b757365725f69647c733a313a2231223b757365725f6e616d657c733a353a2261646d696e223b757365725f706173737c733a33323a223231323332663239376135376135613734333839346130653461383031666333223b757365725f6e616d617c733a31333a2241646d696e6973747261746f72223b757365725f757365726e616d657c733a363a226e75726d616e223b6c6f676765647c623a313b),
('nd0va3qgvqfai3i76uec3lo4late310o', '::1', 1532082546, 0x5f5f63695f6c6173745f726567656e65726174657c693a313533323038323534363b757365725f69647c733a313a2231223b757365725f6e616d657c733a353a2261646d696e223b757365725f706173737c733a33323a223231323332663239376135376135613734333839346130653461383031666333223b757365725f6e616d617c733a31333a2241646d696e6973747261746f72223b757365725f757365726e616d657c733a363a226e75726d616e223b6c6f676765647c623a313b),
('6c9gmnk1411q36ruuh58f66j1dlli8p3', '::1', 1532082867, 0x5f5f63695f6c6173745f726567656e65726174657c693a313533323038323836373b757365725f69647c733a313a2231223b757365725f6e616d657c733a353a2261646d696e223b757365725f706173737c733a33323a223231323332663239376135376135613734333839346130653461383031666333223b757365725f6e616d617c733a31333a2241646d696e6973747261746f72223b757365725f757365726e616d657c733a363a226e75726d616e223b6c6f676765647c623a313b),
('3i174evec4stemmf4oaisr1nipmbsivs', '::1', 1532083446, 0x5f5f63695f6c6173745f726567656e65726174657c693a313533323038333434363b757365725f69647c733a313a2231223b757365725f6e616d657c733a353a2261646d696e223b757365725f706173737c733a33323a223231323332663239376135376135613734333839346130653461383031666333223b757365725f6e616d617c733a31333a2241646d696e6973747261746f72223b757365725f757365726e616d657c733a363a226e75726d616e223b6c6f676765647c623a313b),
('tcce1i2u3dhhtd39utf62dv1r50jfkcn', '::1', 1532083815, 0x5f5f63695f6c6173745f726567656e65726174657c693a313533323038333831353b757365725f69647c733a313a2231223b757365725f6e616d657c733a353a2261646d696e223b757365725f706173737c733a33323a223231323332663239376135376135613734333839346130653461383031666333223b757365725f6e616d617c733a31333a2241646d696e6973747261746f72223b757365725f757365726e616d657c733a363a226e75726d616e223b6c6f676765647c623a313b),
('cus1tgfce8vm993qp5q5erao2kd07284', '::1', 1532084136, 0x5f5f63695f6c6173745f726567656e65726174657c693a313533323038343133363b757365725f69647c733a313a2231223b757365725f6e616d657c733a353a2261646d696e223b757365725f706173737c733a33323a223231323332663239376135376135613734333839346130653461383031666333223b757365725f6e616d617c733a31333a2241646d696e6973747261746f72223b757365725f757365726e616d657c733a363a226e75726d616e223b6c6f676765647c623a313b),
('unumu32ibehr4b13fka09rau4ojoa3j3', '::1', 1532084136, 0x5f5f63695f6c6173745f726567656e65726174657c693a313533323038343133363b757365725f69647c733a313a2231223b757365725f6e616d657c733a353a2261646d696e223b757365725f706173737c733a33323a223231323332663239376135376135613734333839346130653461383031666333223b757365725f6e616d617c733a31333a2241646d696e6973747261746f72223b757365725f757365726e616d657c733a363a226e75726d616e223b6c6f676765647c623a313b),
('66ktqmo4858vbkfjnjjmdpruqku4c6gp', '::1', 1532099962, 0x5f5f63695f6c6173745f726567656e65726174657c693a313533323039393936323b757365725f69647c733a313a2231223b757365725f757365726e616d657c733a363a226e75726d616e223b6c6f676765647c623a313b),
('8ibnsk22j4ujghbnj0kc5g7mcu7k7m32', '::1', 1532100937, 0x5f5f63695f6c6173745f726567656e65726174657c693a313533323130303933373b757365725f69647c733a313a2231223b757365725f757365726e616d657c733a363a226e75726d616e223b6c6f676765647c623a313b),
('42hegi6mkhutl7fv2uqa6adlpus4jb3g', '::1', 1532101373, 0x5f5f63695f6c6173745f726567656e65726174657c693a313533323130313337333b757365725f69647c733a313a2231223b757365725f757365726e616d657c733a363a226e75726d616e223b6c6f676765647c623a313b),
('rf38npb9jaai9vqu15ljqo94u1heako1', '::1', 1532101942, 0x5f5f63695f6c6173745f726567656e65726174657c693a313533323130313934323b757365725f69647c733a313a2231223b757365725f757365726e616d657c733a363a226e75726d616e223b6c6f676765647c623a313b),
('6rbidltq5879br8qn53k513iabmjcgn8', '::1', 1532102436, 0x5f5f63695f6c6173745f726567656e65726174657c693a313533323130323433363b757365725f69647c733a313a2231223b757365725f757365726e616d657c733a363a226e75726d616e223b757365725f696d6167657c733a31333a22646f776e6c6f6164322e6a7067223b6c6f676765647c623a313b),
('nlkooish1eemgt3r0443q0bslrqo9seg', '::1', 1532103013, 0x5f5f63695f6c6173745f726567656e65726174657c693a313533323130333031333b757365725f69647c733a313a2231223b757365725f757365726e616d657c733a363a226e75726d616e223b757365725f696d6167657c733a31333a22646f776e6c6f6164322e6a7067223b6c6f676765647c623a313b),
('7b95ckebtpolfns0sbeeaer3i5j4gq35', '::1', 1532103871, 0x5f5f63695f6c6173745f726567656e65726174657c693a313533323130333837313b757365725f69647c733a313a2231223b757365725f757365726e616d657c733a363a226e75726d616e223b757365725f696d6167657c733a31333a22646f776e6c6f6164322e6a7067223b6c6f676765647c623a313b),
('dnggg3rcnb9frr5c5svco9kj3noc5atf', '::1', 1532104350, 0x5f5f63695f6c6173745f726567656e65726174657c693a313533323130343335303b757365725f69647c733a313a2231223b757365725f757365726e616d657c733a363a226e75726d616e223b757365725f696d6167657c733a31333a22646f776e6c6f6164322e6a7067223b6c6f676765647c623a313b),
('grdrmmtmc346otfn1sm84oni67a9ee1j', '::1', 1532104664, 0x5f5f63695f6c6173745f726567656e65726174657c693a313533323130343636343b757365725f69647c733a313a2231223b757365725f757365726e616d657c733a363a226e75726d616e223b757365725f696d6167657c733a31333a22646f776e6c6f6164322e6a7067223b6c6f676765647c623a313b),
('egmr3qej7c3c262kg17t4j685jmjdd26', '::1', 1532105149, 0x5f5f63695f6c6173745f726567656e65726174657c693a313533323130353134393b757365725f69647c733a313a2231223b757365725f757365726e616d657c733a363a226e75726d616e223b757365725f696d6167657c733a31333a22646f776e6c6f6164322e6a7067223b6c6f676765647c623a313b),
('dvtk3bd36hvko0rhfc67955sii322bov', '::1', 1532105464, 0x5f5f63695f6c6173745f726567656e65726174657c693a313533323130353436343b757365725f69647c733a313a2231223b757365725f757365726e616d657c733a363a226e75726d616e223b757365725f696d6167657c733a31333a22646f776e6c6f6164322e6a7067223b6c6f676765647c623a313b),
('ci17h9stptsv2s7gae636dgg29ildokn', '::1', 1532105855, 0x5f5f63695f6c6173745f726567656e65726174657c693a313533323130353835353b757365725f69647c733a313a2231223b757365725f757365726e616d657c733a363a226e75726d616e223b757365725f696d6167657c733a31333a22646f776e6c6f6164322e6a7067223b6c6f676765647c623a313b),
('f7h75fjrj7qsgdof5ph97jok8l304h2n', '::1', 1532106196, 0x5f5f63695f6c6173745f726567656e65726174657c693a313533323130363139363b757365725f69647c733a313a2231223b757365725f757365726e616d657c733a363a226e75726d616e223b757365725f696d6167657c733a31333a22646f776e6c6f6164322e6a7067223b6c6f676765647c623a313b),
('8njvj4mpk5og4o91b6qr315qq901al80', '::1', 1532106520, 0x5f5f63695f6c6173745f726567656e65726174657c693a313533323130363532303b757365725f69647c733a313a2231223b757365725f757365726e616d657c733a363a226e75726d616e223b757365725f696d6167657c733a31333a22646f776e6c6f6164322e6a7067223b6c6f676765647c623a313b),
('emtr7jfig1pd0ifuvkgv1jcr5brdq3qv', '::1', 1532107390, 0x5f5f63695f6c6173745f726567656e65726174657c693a313533323130373339303b757365725f69647c733a313a2231223b757365725f757365726e616d657c733a363a226e75726d616e223b757365725f696d6167657c733a31333a22646f776e6c6f6164322e6a7067223b6c6f676765647c623a313b),
('v043k3dsu7au8029717fr5l22io9a9oe', '::1', 1532107778, 0x5f5f63695f6c6173745f726567656e65726174657c693a313533323130373737383b757365725f69647c733a313a2231223b757365725f757365726e616d657c733a363a226e75726d616e223b757365725f696d6167657c733a31333a22646f776e6c6f6164322e6a7067223b6c6f676765647c623a313b),
('jh65tb60v7fkk997euas3vrvc06rr9au', '::1', 1532108125, 0x5f5f63695f6c6173745f726567656e65726174657c693a313533323130383132353b757365725f69647c733a313a2231223b757365725f757365726e616d657c733a363a226e75726d616e223b757365725f696d6167657c733a31333a22646f776e6c6f6164322e6a7067223b6c6f676765647c623a313b),
('cr2a68akb4e4ingcigjg8jbhblkuvmbi', '::1', 1532108435, 0x5f5f63695f6c6173745f726567656e65726174657c693a313533323130383433353b757365725f69647c733a313a2231223b757365725f757365726e616d657c733a363a226e75726d616e223b757365725f696d6167657c733a31333a22646f776e6c6f6164322e6a7067223b6c6f676765647c623a313b),
('j9qqjh0019hb864e862cfct48s9ei61d', '::1', 1532108958, 0x5f5f63695f6c6173745f726567656e65726174657c693a313533323130383935383b757365725f69647c733a313a2231223b757365725f757365726e616d657c733a363a226e75726d616e223b757365725f696d6167657c733a31333a22646f776e6c6f6164322e6a7067223b6c6f676765647c623a313b),
('neopr0dcbse1674mgs7odljpl7f6d1ds', '::1', 1532109797, 0x5f5f63695f6c6173745f726567656e65726174657c693a313533323130393739373b757365725f69647c733a313a2231223b757365725f757365726e616d657c733a363a226e75726d616e223b757365725f696d6167657c733a31333a22646f776e6c6f6164322e6a7067223b6c6f676765647c623a313b),
('vmsl0msrb7063bs44kbhbbfm1qkv2c7k', '::1', 1532110380, 0x5f5f63695f6c6173745f726567656e65726174657c693a313533323131303338303b757365725f69647c733a313a2231223b757365725f757365726e616d657c733a363a226e75726d616e223b757365725f696d6167657c733a31333a22646f776e6c6f6164322e6a7067223b6c6f676765647c623a313b),
('l7kuop0rpb158bg41ib5g9v4j1mn77so', '::1', 1532110686, 0x5f5f63695f6c6173745f726567656e65726174657c693a313533323131303638363b757365725f69647c733a313a2231223b757365725f757365726e616d657c733a363a226e75726d616e223b757365725f696d6167657c733a31333a22646f776e6c6f6164322e6a7067223b6c6f676765647c623a313b),
('g7fl97bt7fttub6hctoneuj4nqt32anq', '::1', 1532111113, 0x5f5f63695f6c6173745f726567656e65726174657c693a313533323131313131333b757365725f69647c733a313a2231223b757365725f757365726e616d657c733a363a226e75726d616e223b757365725f696d6167657c733a31333a22646f776e6c6f6164322e6a7067223b6c6f676765647c623a313b),
('9ht3h0cdp96tgrsdiam768e36d337jrf', '::1', 1532111473, 0x5f5f63695f6c6173745f726567656e65726174657c693a313533323131313437333b757365725f69647c733a313a2231223b757365725f757365726e616d657c733a363a226e75726d616e223b757365725f696d6167657c733a31333a22646f776e6c6f6164322e6a7067223b6c6f676765647c623a313b),
('408l65msoeiqrpujfr3c85gb54hulm9q', '::1', 1532111953, 0x5f5f63695f6c6173745f726567656e65726174657c693a313533323131313935333b757365725f69647c733a313a2232223b757365725f757365726e616d657c733a353a226564776172223b757365725f696d6167657c733a31303a2273656c6c65722e706e67223b6c6f676765647c623a313b),
('o5ni4i8l5vqupjchhh320dkkorsdhbsd', '::1', 1532112268, 0x5f5f63695f6c6173745f726567656e65726174657c693a313533323131323236383b757365725f69647c733a313a2231223b757365725f757365726e616d657c733a363a226e75726d616e223b757365725f696d6167657c733a31333a22646f776e6c6f6164322e6a7067223b6c6f676765647c623a313b),
('3g9snrs6eme6b3ei3u0a0gmstt5m1sdt', '::1', 1532112664, 0x5f5f63695f6c6173745f726567656e65726174657c693a313533323131323636343b757365725f69647c733a313a2231223b757365725f757365726e616d657c733a363a226e75726d616e223b757365725f696d6167657c733a31333a22646f776e6c6f6164322e6a7067223b6c6f676765647c623a313b),
('8v7rdssfq5akru980ukaookvjsofastt', '::1', 1532113265, 0x5f5f63695f6c6173745f726567656e65726174657c693a313533323131333235353b);

-- --------------------------------------------------------

--
-- Table structure for table `tbl_subcategory`
--

CREATE TABLE `tbl_subcategory` (
  `subcategory_id` int(11) NOT NULL,
  `fcategory_id` int(11) NOT NULL,
  `name_subcategory` varchar(20) NOT NULL,
  `add_byusersubc` varchar(20) NOT NULL,
  `date_entered` timestamp NOT NULL DEFAULT CURRENT_TIMESTAMP ON UPDATE CURRENT_TIMESTAMP
) ENGINE=InnoDB DEFAULT CHARSET=latin1;

--
-- Dumping data for table `tbl_subcategory`
--

INSERT INTO `tbl_subcategory` (`subcategory_id`, `fcategory_id`, `name_subcategory`, `add_byusersubc`, `date_entered`) VALUES
(39, 55, 'Charger', '', '2018-07-02 07:16:27'),
(40, 56, 'Toyota', '', '2018-07-16 07:00:01'),
(41, 56, 'KIA', '', '2018-07-16 07:00:23'),
(42, 63, 'T-Shirt', '', '2018-07-20 15:20:00'),
(44, 63, 'Clothes', '', '2018-07-20 15:20:57'),
(45, 63, 'Jeans', '', '2018-07-20 15:21:05'),
(46, 64, 'Jeans', '', '2018-07-20 15:21:24');

-- --------------------------------------------------------

--
-- Table structure for table `tbl_user`
--

CREATE TABLE `tbl_user` (
  `user_id` int(11) NOT NULL,
  `user_fullname` varchar(100) NOT NULL,
  `user_username` varchar(100) NOT NULL,
  `user_password` varchar(100) NOT NULL,
  `user_email` varchar(50) NOT NULL,
  `user_location` varchar(100) NOT NULL,
  `user_address` varchar(100) NOT NULL,
  `user_image` varchar(100) NOT NULL,
  `user_registerdate` timestamp NOT NULL DEFAULT CURRENT_TIMESTAMP ON UPDATE CURRENT_TIMESTAMP,
  `user_disabled` enum('active','deactive','','') NOT NULL
) ENGINE=InnoDB DEFAULT CHARSET=latin1;

--
-- Dumping data for table `tbl_user`
--

INSERT INTO `tbl_user` (`user_id`, `user_fullname`, `user_username`, `user_password`, `user_email`, `user_location`, `user_address`, `user_image`, `user_registerdate`, `user_disabled`) VALUES
(1, 'nurman', 'nurman', '8e9c5c7badb824d989c770838931ae36471024a0', 'nurman@gmail.com', '', 'st nurman', 'download2.jpg', '2018-07-19 10:06:55', 'active'),
(2, 'edwar herdiansyah', 'edwar', '612e005c585081cbb05901a131a95b6ba631be04', 'edwar@gmail.com', '', 'st edwar', 'seller.png', '2018-07-19 13:53:21', 'active');

-- --------------------------------------------------------

--
-- Table structure for table `tbl_users`
--

CREATE TABLE `tbl_users` (
  `id_user` int(150) NOT NULL,
  `nama_user` varchar(150) NOT NULL,
  `username` varchar(150) NOT NULL,
  `password` varchar(150) NOT NULL,
  `created_at` datetime NOT NULL,
  `updated_at` datetime NOT NULL
) ENGINE=InnoDB DEFAULT CHARSET=latin1;

--
-- Dumping data for table `tbl_users`
--

INSERT INTO `tbl_users` (`id_user`, `nama_user`, `username`, `password`, `created_at`, `updated_at`) VALUES
(1, 'Administrator', 'admin', '21232f297a57a5a743894a0e4a801fc3', '2017-02-21 04:14:16', '2017-03-06 13:42:37');

--
-- Indexes for dumped tables
--

--
-- Indexes for table `tbl_category`
--
ALTER TABLE `tbl_category`
  ADD PRIMARY KEY (`category_id`);

--
-- Indexes for table `tbl_product`
--
ALTER TABLE `tbl_product`
  ADD PRIMARY KEY (`product_id`);

--
-- Indexes for table `tbl_subcategory`
--
ALTER TABLE `tbl_subcategory`
  ADD PRIMARY KEY (`subcategory_id`),
  ADD KEY `fcategory_id` (`fcategory_id`);

--
-- Indexes for table `tbl_user`
--
ALTER TABLE `tbl_user`
  ADD PRIMARY KEY (`user_id`);

--
-- Indexes for table `tbl_users`
--
ALTER TABLE `tbl_users`
  ADD PRIMARY KEY (`id_user`);

--
-- AUTO_INCREMENT for dumped tables
--

--
-- AUTO_INCREMENT for table `tbl_category`
--
ALTER TABLE `tbl_category`
  MODIFY `category_id` int(11) NOT NULL AUTO_INCREMENT, AUTO_INCREMENT=70;

--
-- AUTO_INCREMENT for table `tbl_product`
--
ALTER TABLE `tbl_product`
  MODIFY `product_id` int(11) NOT NULL AUTO_INCREMENT, AUTO_INCREMENT=39;

--
-- AUTO_INCREMENT for table `tbl_subcategory`
--
ALTER TABLE `tbl_subcategory`
  MODIFY `subcategory_id` int(11) NOT NULL AUTO_INCREMENT, AUTO_INCREMENT=47;

--
-- AUTO_INCREMENT for table `tbl_user`
--
ALTER TABLE `tbl_user`
  MODIFY `user_id` int(11) NOT NULL AUTO_INCREMENT, AUTO_INCREMENT=3;

--
-- AUTO_INCREMENT for table `tbl_users`
--
ALTER TABLE `tbl_users`
  MODIFY `id_user` int(150) NOT NULL AUTO_INCREMENT, AUTO_INCREMENT=2;

--
-- Constraints for dumped tables
--

--
-- Constraints for table `tbl_subcategory`
--
ALTER TABLE `tbl_subcategory`
  ADD CONSTRAINT `tbl_subcategory_ibfk_1` FOREIGN KEY (`fcategory_id`) REFERENCES `tbl_category` (`category_id`);
COMMIT;

/*!40101 SET CHARACTER_SET_CLIENT=@OLD_CHARACTER_SET_CLIENT */;
/*!40101 SET CHARACTER_SET_RESULTS=@OLD_CHARACTER_SET_RESULTS */;
/*!40101 SET COLLATION_CONNECTION=@OLD_COLLATION_CONNECTION */;
